url,inside
https://media4.s-nbcnews.com/j/newscms/2018_06/2309421/180129_autism_month_0_61dc5ca353362df8179ebf8dc5001dd6.nbcnews-fp-320-240.jpg,N_OK
https://www.nbcnews.com/mach/video/learning-to-fly-wind-tunnel-training-takes-a-ski-jumper-sarah-hendrickson-to-new-heights-1159295555859,OK
https://www.nbcnews.com/pages/about-nbc-news-digital,OK
https://nbcsports.com/,N_OK
https://media3.s-nbcnews.com/j/newscms/2018_06/2320086/180207-rob-porter-john-kelly-se-157p_6150ed0d691ab8945ad8cd23890c7523.nbcnews-fp-320-320.jpg,N_OK
https://www.nbcnews.com/think/opinion/pricey-anti-aging-products-cannot-reverse-time-let-s-embrace-ncna846976,OK
https://www.nbcnews.com/storyline/puerto-rico-crisis/puerto-ricans-fix-their-town-s-power-grid-their-bare-n845421,OK
https://recode.net/,N_OK
https://www.nbcnews.com/news/asian-america/how-architect-ting-meister-uses-sneakers-bridge-cultures-n842366,OK
https://media1.s-nbcnews.com/j/newscms/2018_07/2325241/180212-pence-0348_2449b155accc269c5cd163173b4fc53c.nbcnews-fp-320-240.jpg,N_OK
https://media3.s-nbcnews.com/j/newscms/2017_03/284256/california_flag_a513102635c4eddbde37ff0e0a1dfcba.nbcnews-fp-320-240.png,N_OK
https://www.nbcnews.com/news/world/toronto-police-say-remains-6-victims-found-serial-killer-investigation-n846051,OK
https://www.nbcnews.com/better/pop-culture/chef-s-recommendation-valentine-s-day-stay-home-ncna845536,OK
https://www.nbcnews.com/news/world/trump-macron-white-knuckle-handshake-red-carpet-embrace-n845896,OK
https://www.nbcnews.com/pop-culture/movies/sony-apologizes-peter-rabbit-movie-makes-parents-hopping-mad-n847206,OK
https://media3.s-nbcnews.com/j/newscms/2018_07/2325321/180212-prince-harry-meghan-markle-engagement-njs-741a_2b3a91cf063421d992eb6579efde2080.nbcnews-fp-320-240.jpg,N_OK
https://www.nbcnews.com/nightly-news/video/this-police-offers-brings-superheroes-to-life-for-sick-children-1134203459601,OK
https://www.nbcnews.com/mach/science/computer-training-dogs-could-help-stop-old-canines-decline-ncna846066,OK
https://media4.s-nbcnews.com/j/newscms/2017_38/2159196/170918-james-mattis-se-538p_96d972ab959ba6ecb77d740a3fb4527d.nbcnews-fp-320-240.jpg,N_OK
https://www.nbcnews.com/health/health-news/new-ultrasound-treatment-stops-essential-tremors-n846096,OK
https://www.nbcnews.com/news/world/south-africa-s-next-leader-cyril-ramaphosa-faces-plenty-challenges-n845431,OK
https://nodeassets.nbcnews.com/cdnassets/projects/nbcnews-assets/022272a4.nightly-news-logo-mark.png,N_OK
https://www.nbcnews.com/health/health-news/norovirus-olympics-sticky-problem-n845716,OK
https://media1.s-nbcnews.com/j/newscms/2018_07/2325211/917127142-e1518408569411_66756740174af5b109746205614ae49b.nbcnews-fp-320-240.jpg,N_OK
https://media3.s-nbcnews.com/j/newscms/2018_06/2322876/botanica-ny_73a060a426af796d312cdcaa15d2b1a1.nbcnews-fp-320-240.jpg,N_OK
https://www.nbcnews.com/feature/nbc-out/miami-catholic-school-teacher-says-she-was-fired-being-gay-n847116,OK
https://www.nbcnews.com/storyline/americas-heroin-epidemic,OK
https://media2.s-nbcnews.com/j/newscms/2018_05/2313066/180201-nbcblk-mn-0820_copy_9dfda7a5b5ece14132caab29e4b1937c.nbcnews-fp-320-280.jpg,N_OK
https://www.nbcnews.com/news/nbcblk/blkhistory-black-history-your-history-our-history-n843256,OK
https://www.nbcnews.com/news/asian-america/11-asian-american-athletes-watch-2018-pyeongchang-winter-olympics-n834081,OK
https://media3.s-nbcnews.com/j/newscms/2018_07/2326121/180212-remington-bankruptcy-bushmaster-ar-15-se-539p_3d11270cad4befcb81dcd7f47680016e.nbcnews-fp-320-240.jpg,N_OK
https://www.nbcnews.com/id/31066137/media-kit/,OK
https://www.nbcnews.com/pop-culture,OK
https://www.nbcnews.com/news/us-news/michigan-state-moves-fire-larry-nassar-s-boss-william-strampel-n846391,OK
https://www.nbcnews.com/politics/donald-trump/trump-rolls-out-infrastructure-plan-opening-door-private-investment-n847161,OK
http://feeds.nbcnews.com/feeds/topstories,N_OK
https://media4.s-nbcnews.com/j/msnbc/components/video/201802/a_mach_prototype_spotmini_180212.nbcnews-fp-320-240.jpg,N_OK
https://www.nbcnews.com/news/asian-america/nathan-chen-shares-tool-3-other-olympic-medalists-had-costume-n843491,OK
https://www.nbcnews.com/pages/terms-of-service,OK
https://www.nbcnews.com/news/us-news/nbc-affiliates-n19981,OK
https://www.nbcnews.com/pages/sitemap,OK
https://www.nbcnews.com/health,OK
https://www.nbcnews.com/politics/politics-news,OK
https://www.nbcnews.com/news/photo,OK
https://www.nbcuniversal.com/privacy,N_OK
https://www.nbcnews.com/nightly-news,OK
https://media3.s-nbcnews.com/j/newscms/2018_07/2326086/180212-helicopter-crash-victim-becky-dobson-ac-507p_3d626e21916c22a57975e54139fafa68.nbcnews-fp-320-240.jpg,N_OK
https://www.nbcnews.com/politics/donald-trump/sen-tim-kaine-demands-release-secret-trump-war-powers-memo-n846176,OK
https://www.surveymonkey.com/s/ZRY6QHK,N_OK
https://www.nbcnews.com/video/after-hurricane-irma-is-florida-citrus-as-we-know-it-gone-1154999363760,OK
https://media2.s-nbcnews.com/j/newscms/2018_06/2323916/ap_991506998384_4da01299bb8b934e7d70c1a47ade7166.nbcnews-fp-320-240.jpg,N_OK
https://media3.s-nbcnews.com/j/newscms/2016_28/1619951/1607-zika-jhc-1120_bd6076257a27a8622257973c54d68cf8.nbcnews-fp-320-240.jpg,N_OK
https://cnbc.com/,N_OK
https://www.nbcnews.com/business/consumer,OK
https://www.nbcnews.com/pages/careers,OK
https://media2.s-nbcnews.com/j/newscms/2018_06/2323531/jasmine_moody_main_art_16b94e1f5be9a50e2b28eb7329208247.nbcnews-fp-320-320.jpg,N_OK
https://www.nbcnews.com/storyline/winter-olympics-2018/kim-jong-un-says-important-shore-dialogue-south-kcna-n847341,OK
https://www.nbcnews.com/nightly-news/video/major-advertiser-threatens-to-abandon-facebook-1159999043812,OK
https://www.nbcnews.com/health/health-care,OK
https://www.nbcnews.com/nightly-news/video/could-dogs-hold-a-key-to-curing-cancer-1158720067804,OK
https://media3.s-nbcnews.com/j/newscms/2018_04/2305621/180125-trump-netanyahu-wef-ew-347p_d48e068ed6ebe4eb19ff62928c6efb85.nbcnews-fp-320-240.jpg,N_OK
https://www.nbcnews.com/storyline/winter-olympics-2018/olympic-destroyer-malware-targeted-pyeongchang-games-firms-say-n847396,OK
https://media3.s-nbcnews.com/j/newscms/2018_06/2321781/180208-old-dog-se-326p_a6ae569906334ca4cda0a3a362211594.nbcnews-fp-480-320.jpg,N_OK
https://media1.s-nbcnews.com/j/newscms/2018_06/2323346/180209-immigration-rally-mn-1410_677139de860c14d63c9a68e9196c3b09.nbcnews-fp-320-240.jpg,N_OK
https://nodeassets.nbcnews.com/images/transparent-placeholder.gif,N_OK
https://media4.s-nbcnews.com/j/msnbc/components/video/201802/d_ov_floridaoranges_180206.nbcnews-fp-320-240.jpg,N_OK
https://www.nbcnews.com/politics/national-security,OK
https://media2.s-nbcnews.com/j/newscms/2018_06/2321966/180208-vegas-casino-betting-451p-rs_19c20ab9d7876d9b8231e3cb5c681738.nbcnews-fp-320-240.jpg,N_OK
https://media3.s-nbcnews.com/j/newscms/2017_20/2005471/170519-london-city-airport-cr-0553_04_c00c3fcfa6aefc3d5c4ec9fb8c729fc2.nbcnews-fp-320-240.jpg,N_OK
https://media4.s-nbcnews.com/j/newscms/2018_07/2325526/180216-jocelyn-morffi-mn-1050_78c98b84014452980d9b79a29595be6a.nbcnews-fp-320-280.jpg,N_OK
https://media4.s-nbcnews.com/j/msnbc/components/video/201801/nn_ggu_puerto_ricos_schools_2_180127_1920x1080.nbcnews-fp-320-240.jpg,N_OK
http://www.nbcolympics.com/video/adam-rippons-olympic-debut-was-worth-wait?cid=eref%3Anbcnews%3Avideo,N_OK
https://media4.s-nbcnews.com/j/newscms/2018_06/2318086/180206-mandela-ramaphosa-mc-1213_a79e4c9d135befbe0473ffc0db6af081.nbcnews-fp-320-240.jpg,N_OK
https://www.nbcuniversal.com/privacy/full-privacy-policy/,N_OK
https://media2.s-nbcnews.com/j/newscms/2018_06/2324346/180210-valentines-day-514p-rs_723ed19ede7dd73d46b3005753c995be.nbcnews-fp-320-280.jpg,N_OK
https://www.nbcnews.com/news/us-news/ivy-league-glee-club-ends-decades-old-gender-restrictions-n846936,OK
https://www.nbcnews.com/news/latino/new-head-u-s-embassy-cuba-philiip-goldberg-faces-critical-n846491,OK
https://www.nbcnews.com/politics/congress,OK
https://media1.s-nbcnews.com/j/newscms/2018_07/2325966/180212-obama-portrait-mn-1400_b55df2b4b9a5177051647426493ee016.nbcnews-fp-320-240.jpg,N_OK
https://nbcnews.weather.com/?cm_cat=TextLogo&cm_ite=HomePage&cm_pla=WxModule&cm_ven=nbcnews&par=nbcnews&site=nbcnews.com,N_OK
https://www.nbcnews.com/mach,OK
https://www.nbcnews.com/health/womens-health,OK
https://www.nbcnews.com/better/business/wellness-new-status-symbol-here-s-how-tap-it-cheap-ncna847196,OK
https://www.nbcnews.com/feature/nbc-asian-america-making-of-an-olympian,OK
https://media2.s-nbcnews.com/j/msnbc/components/video/201801/nn_lho_those_who_serve_superhero_cop_180110_1920x1080.nbcnews-fp-920-360.jpg,N_OK
https://www.nbcnews.com/news/us-news/vanessa-trump-taken-hospital-precaution-after-suspicious-letter-n847231,OK
http://profootballtalk.nbcsports.com/2018/02/12/former-cowboys-fullback-reported-missing/?cid=eref%3Anbcnews%3Atext,N_OK
https://www.nbcnews.com/think/opinion/it-s-time-federal-election-commission-examine-trump-s-payment-ncna846486,OK
https://media2.s-nbcnews.com/j/newscms/2018_01/2279466/ap_17269065902979_c567a1ade4da2e5fe6abfb93fd2d5b1c.nbcnews-fp-320-240.jpg,N_OK
https://www.nbcnews.com/news/latino/kelly-s-lazy-dreamer-comment-racist-obscures-truth-daca-numbers-n845746,OK
https://www.nbcnews.com/tech/internet,OK
https://www.nbcnews.com/storyline/puerto-rico-crisis/democrats-slam-fema-multi-million-food-contract-puerto-rico-didn-n845251,OK
https://media2.s-nbcnews.com/j/newscms/2017_08/1912096/170223-larry-nassar-arraignment-1105a_234c2e69fe71f9ec9bcc26bb00e6bccb.nbcnews-fp-320-240.jpg,N_OK
https://media4.s-nbcnews.com/j/newscms/2017_51/2268626/171212-us-embassy-cuba_b4f6cc9a49aca0434ce188a919e8f7ed.nbcnews-fp-320-240.jpg,N_OK
https://www.nbcnews.com/news/us-news/larry-nassar-sent-maximum-security-federal-prison-tucson-n846666,OK
https://www.nbcnews.com/meet-the-press,OK
https://today.com/,N_OK
https://media3.s-nbcnews.com/j/newscms/2018_06/2324336/180210-purdue-pharma-503p-rs_bfa64beddeb0d9d31772a3c7afdf4f6d.nbcnews-fp-320-240.jpg,N_OK
https://media3.s-nbcnews.com/j/newscms/2018_06/2317116/180205-larry-nassar-court-njs-1008a_243e9bb78fba96ccf57a0137ca69bc70.nbcnews-fp-320-240.jpg,N_OK
https://media1.s-nbcnews.com/j/newscms/2018_07/2325426/180212-harvey-bob-weinstein-2015-njs-942a_828d05d15cb65079d2acd57371434bb2.nbcnews-fp-320-280.jpg,N_OK
https://www.nbcnews.com/opinion/opinion,OK
https://www.nbcnews.com/news/sports,OK
https://media3.s-nbcnews.com/j/newscms/2018_07/2326331/917137568-e1518473147749_dbe69f247dc6656934a092052a47a9ce.nbcnews-fp-320-240.jpg,N_OK
https://media1.s-nbcnews.com/j/newscms/2018_05/2312506/180131-blk-only-ernest-c-withers-naacp-protest-ew-440p_3c745724892155dfc882d2019df97b5f.nbcnews-fp-320-240.jpg,N_OK
https://www.nbcsports.com/,N_OK
https://www.nbcnews.com/politics/white-house/era-trump-deficits-has-begun-n847241,OK
https://media1.s-nbcnews.com/j/newscms/2018_04/2302676/180123-daca-protest-se-1214p_89a55d2e80b203bbe20a593259ecb03b.nbcnews-fp-320-240.jpg,N_OK
https://www.nbcnews.com/better/business/3-money-conversations-you-your-partner-need-have-ncna846016,OK
https://www.nbcnews.com/slideshow/glitter-glee-carnival-season-underway-around-globe-n846716,OK
https://www.nbcnews.com/politics/politics-news/barack-obama-s-presidential-portrait-be-unveiled-n847111,OK
https://media3.s-nbcnews.com/j/newscms/2018_06/2322546/180209-trump-macron-handshake_02e8bd48b75f709a8c325ce69c3e9528.nbcnews-fp-480-320.jpg,N_OK
https://media4.s-nbcnews.com/j/newscms/2018_07/2325226/180212-puerto-rico-blackout-rd-140a_013eadceaf272945bc30e3b8c8f93f15.nbcnews-fp-320-280.jpg,N_OK
https://media2.s-nbcnews.com/j/msnbc/components/video/201802/nn_netcast_180212.nbcnews-fp-320-240.jpg,N_OK
https://www.nbcnews.com/pop-culture/viral,OK
https://media3.s-nbcnews.com/j/newscms/2018_07/2326096/nickfolescatch_59ca070ab958a8d8da21a1f63a39b0ca.nbcnews-fp-320-240.jpg,N_OK
https://media2.s-nbcnews.com/j/newscms/2018_07/2325661/180212-donald-trump-mn-1230_4c0344d52875f0e9c39350184849ba8f.nbcnews-fp-320-240.jpg,N_OK
https://www.nbcnews.com/storyline/sexual-misconduct/kenneth-cole-resigns-amfar-chair-wake-weinstein-flap-n845951,OK
https://www.nbcnews.com/storyline/winter-olympics-2018/seven-black-athletes-making-history-2018-pyeongchang-winter-olympics-n845471,OK
https://www.nbcnews.com/business/your-business/grow-fast-build-business-family-hiring-right-n847226,OK
https://media2.s-nbcnews.com/j/newscms/2018_06/2320451/180207-greys-anatomy-episode-ac-521p_7fe4243bd9537f56f461b9fa95098422.nbcnews-fp-320-240.jpg,N_OK
https://media2.s-nbcnews.com/j/msnbc/components/video/201802/a_mach_olympian_sh_180211.nbcnews-fp-320-240.jpg,N_OK
https://www.nbcnews.com/politics/first-read,OK
https://www.nbcnews.com/business/consumer/no-more-lifetime-returns-l-l-bean-gives-its-legendary-n846301,OK
http://mlb.nbcsports.com/2018/02/12/former-mlb-pitcher-esteban-loaiza-arrested-with-44-pounds-of-heroin-and-cocaine/?cid=eref%3Anbcnews%3Atext,N_OK
https://www.nbcnews.com/health/health-news,OK
http://parenttoolkit.com/,N_OK
https://media1.s-nbcnews.com/j/newscms/2018_05/2316581/180204-calysta-feedkind-protein-se-850p_b5f3111056eb1ea4f2fac7f538f1e0bb.nbcnews-fp-320-280.jpg,N_OK
https://www.nbcnews.com/news/world,OK
https://www.nbcnews.com/pop-culture/movies/black-panther-marks-milestone-black-culture-s-impact-hollywood-n846891,OK
https://media3.s-nbcnews.com/j/newscms/2018_06/2321471/destiny_brooks2_ef69b4030c4223c86915354c7da3c4fb.nbcnews-fp-320-240.jpg,N_OK
https://media2.s-nbcnews.com/j/newscms/2017_42/2195081/171019-bfr-spacex-rocket-mn-1210_6f5c91e9dbee8a4d7d533eb9cd017837.nbcnews-fp-320-280.jpg,N_OK
http://www.msnbc.com/,N_OK
https://www.nbcolympics.com/news/chloe-kim-was-hungry-gold-and-also-sandwich/?cid=eref%3Anbcnews%3Atext,N_OK
https://www.nbcnews.com/feature/nbc-out/gay-alumni-raise-300-000-defunded-u-tennessee-lgbtq-center-n846871,OK
https://media1.s-nbcnews.com/j/newscms/2018_07/2326481/917552594-e1518488693572_6acc8f520c845df73822dfd350cba5e8.nbcnews-fp-320-240.jpg,N_OK
https://nodeassets.nbcnews.com/,N_OK
https://www.nbcnews.com/pop-culture/celebrity,OK
https://www.nbcnews.com/politics/congress/when-military-deployment-costs-spouse-their-job-n846356,OK
https://media2.s-nbcnews.com/j/newscms/2018_06/2323836/180209-botox-injection-2002-ac-853p_fc616a4cb2ead259494d29f1dd1a7485.nbcnews-fp-320-280.jpg,N_OK
https://media4.s-nbcnews.com/j/msnbc/components/video/201802/b_inv_propertybrothers_170212.nbcnews-fp-320-240.jpg,N_OK
https://media2.s-nbcnews.com/j/newscms/2018_07/2325636/180212-donald-trump-mn-1215_eb776d8845eb98420a9ceb9b195571f9.nbcnews-fp-320-240.jpg,N_OK
https://media4.s-nbcnews.com/j/newscms/2018_07/2326326/180212-chloe-kim-ac-844p_fd88cf0d2fd82a5d4d38c1ed0508d3ca.nbcnews-fp-320-280.jpg,N_OK
https://media1.s-nbcnews.com/j/newscms/2015_53/1359306/151231-sugar-mn-0900_dadaca5425deb5d8e9892bd6981d29ab.nbcnews-fp-320-240.jpg,N_OK
https://media2.s-nbcnews.com/j/newscms/2018_06/2324346/180210-valentines-day-514p-rs_723ed19ede7dd73d46b3005753c995be.nbcnews-fp-320-240.jpg,N_OK
https://media2.s-nbcnews.com/j/newscms/2018_06/2324816/180205-black-panther-se-450p_940b67970d61b707d7ac67dcfdac0970.nbcnews-fp-320-280.jpg,N_OK
https://www.nbcolympics.com/news/where-mirai-nagasus-parents-were-when-she-hit-her-triple-axel-and-won-bronze-medal/?cid=eref%3Anbcnews%3Atext,N_OK
https://twitter.com/NBCNews,N_OK
https://media1.s-nbcnews.com/j/newscms/2018_06/2323446/180209_trans_alabama_eafa622bc085050d12ee05d48970ca13.nbcnews-fp-320-240.jpg,N_OK
https://www.nbcnews.com/slideshow/olympic-moments-skiers-reach-new-heights-more-n847266,OK
https://www.nbcnews.com/nightly-news-netcast/video/nightly-news-full-broadcast-feb-12th-1160104515733,OK
https://media3.s-nbcnews.com/j/newscms/2017_06/1898551/170210-fifty-shades-darker-mn-1410_2fc396458524b8295f80ff681b579a36.nbcnews-fp-320-240.jpg,N_OK
https://media4.s-nbcnews.com/j/msnbc/components/video/201802/nn_kwe_security_clearance_infrastructure_180212_1518480703529.nbcnews-fp-320-240.jpg,N_OK
https://media4.s-nbcnews.com/j/newscms/2017_20/2000821/170515-better-stock-vegetables-market-box-ew-321p_a726e2faadad6fa69e54a07053cb97f8.nbcnews-fp-320-240.jpg,N_OK
https://www.nbcnews.com/news/asian-america/fifty-shades-inspired-box-service-entrepreneur-wants-help-people-talk-n832006,OK
https://media3.s-nbcnews.com/j/newscms/2018_07/2326111/180212-donald-trump-se-530p_49903e4541188e17240b09e2c92b8fb6.nbcnews-fp-760-360.jpg,N_OK
https://media1.s-nbcnews.com/j/newscms/2017_02/1863181/104214950-gettyimages-631420470-530x298_65c7a802b86959c47cef3aba5519d7cd.nbcnews-fp-480-320.jpg,N_OK
https://media4.s-nbcnews.com/j/msnbc/components/video/201802/nn_jke_facebook_concerns_180212_1920x1080.nbcnews-fp-320-240.jpg,N_OK
https://media3.s-nbcnews.com/j/newscms/2018_07/2325896/180212-meta-golding-rosa-parks-se-148p_aed2253706067cb86e6682ef952c09fd.nbcnews-fp-320-240.jpg,N_OK
https://www.nbcnews.com/business/markets/will-falling-stock-market-take-job-market-along-it-way-n846416,OK
https://www.nbcnews.com/business/markets,OK
https://media3.s-nbcnews.com/j/newscms/2018_07/2326041/180212-puerto-rico-power-station-mn-1535_01ca9608717abe352d37e44f72944c4e.nbcnews-fp-480-320.jpg,N_OK
https://www.nbcnews.com/politics/first-read/distractions-have-derailed-team-trump-s-economic-message-n847086,OK
https://media2.s-nbcnews.com/j/msnbc/components/video/201802/a_mach_olympian_sh_180211.nbcnews-fp-480-320.jpg,N_OK
https://media4.s-nbcnews.com/j/newscms/2018_06/2318126/180206-pyeongchang-norovirus-soldiers-njs-737a_36da15fcd3fadc4a6181de9379261123.nbcnews-fp-320-240.jpg,N_OK
https://media2.s-nbcnews.com/j/newscms/2018_04/2305606/180125-new-york-stock-exchange-ew-310p_6a2171f7ba6b85fafd8ac3d9892b85fe.nbcnews-fp-320-240.jpg,N_OK
https://www.nbcnews.com/tech/internet/plot-destroy-black-panther-ratings-thwarted-facebook-n844226,OK
http://www.today.com/,N_OK
https://media4.s-nbcnews.com/j/newscms/2018_06/2320521/180207-daca-rally-sg-1754_0c4e85a5d1f3a6cebd1e59fc451385a1.nbcnews-fp-320-240.jpg,N_OK
https://media3.s-nbcnews.com/j/newscms/2018_06/2323501/3155_lulac17_a9c4833c0848d16f4e3c99d84bd88d92.nbcnews-fp-320-240.jpg,N_OK
https://www.nbcnews.com/pop-culture/tv,OK
https://secure.nbcnews.com/_tps/accounts/newsletters,N_OK
https://media2.s-nbcnews.com/j/newscms/2018_06/2324156/180210-torres-dog-oncology-1-ew-335p_d7dc8261e44cf823b5449f5ffcdbfb04.nbcnews-fp-320-240.jpg,N_OK
https://www.today.com/home/one-kind-house-shaped-dome-so-cool-t122429,N_OK
https://www.nbcnews.com/news/us-news/members-rogue-baltimore-police-unit-found-guilty-corruption-charges-n847356,OK
http://profootballtalk.nbcsports.com/2018/02/12/mike-pereira-eagles-were-in-illegal-formation-on-philly-special/?cid=eref%3Anbcnews%3Atext,N_OK
https://media4.s-nbcnews.com/j/msnbc/components/video/201802/b_inv_propertybrothers_170212.nbcnews-fp-480-320.jpg,N_OK
https://www.nbcnews.com/news/north-korea/mike-pence-raises-prospect-u-s-north-korea-talks-n847046,OK
https://www.nbcnews.com/politics/white-house,OK
https://media1.s-nbcnews.com/j/newscms/2018_05/1314982/geometric-dome-house-today-180201-tease2_5b7fe5c2832378c10777714478817e89.nbcnews-fp-320-240.jpg,N_OK
https://media1.s-nbcnews.com/j/newscms/2018_06/2323846/180209-rachel-brand-2017-ac-858p_b09782e333d782ab20e98c59b84793cf.nbcnews-fp-320-240.jpg,N_OK
https://www.nbcnews.com/news/us-news/unilever-warn-tech-giants-clean-your-act-or-risk-losing-n847131,OK
https://www.nbcnews.com/better/video/how-the-property-brothers-drew-and-jonathan-scott-work-together-1159683139560,OK
https://www.nbcnews.com/feature/nbc-out/trans-ban-2-0-pentagon-sends-new-transgender-recommendations-mattis-n846006,OK
https://xfinity.com/,N_OK
https://www.nbcnews.com/politics/justice-department/justice-department-official-brand-leaves-partly-over-fear-she-might-n847156,OK
https://media4.s-nbcnews.com/j/newscms/2018_06/2319361/lf_sexualharresment_horizontal_5_02062018_c52bca8d58d373e829f0bc3fb6de1330.nbcnews-fp-320-280.jpg,N_OK
https://media3.s-nbcnews.com/j/newscms/2018_07/2326111/180212-donald-trump-se-530p_49903e4541188e17240b09e2c92b8fb6.nbcnews-fp-320-280.jpg,N_OK
https://www.nbcnews.com/feature/cold-case-spotlight/three-years-later-still-no-leads-case-19-year-old-n846481,OK
https://media1.s-nbcnews.com/j/newscms/2018_06/2317496/180207_jyoti_3973ddb84f0e968a139a1ee6c1c7d06e.nbcnews-fp-320-240.jpg,N_OK
https://media2.s-nbcnews.com/j/msnbc/components/video/201802/bollinger.nbcnews-fp-320-280.jpg,N_OK
https://www.nbcnews.com/think,OK
https://www.nbcnews.com/news/nbcblk/black-history-month-ways-celebrate-black-excellence-n843296,OK
https://www.facebook.com/NBCNews,N_OK
https://www.nbcnews.com/politics/congress/senate-kicks-uncertain-debate-immigration-n847291,OK
https://www.nbcnews.com/feature/nbc-out/transgender-plaintiffs-sue-alabama-over-state-id-laws-n846431,OK
https://www.nbcnews.com/news/north-korea,OK
https://www.nbcnews.com/tips,OK
https://media3.s-nbcnews.com/j/newscms/2018_07/2325931/ss-180212-carnival-global-25_fc4bc22971c0be19d5bc81dd35a5b01b.nbcnews-fp-320-240.jpg,N_OK
https://www.msnbc.com/craig-melvin/watch/obama-portraits-unveiled-at-national-portrait-gallery-why-the-choices-matter-1159711299701,N_OK
http://msnbc.com/,N_OK
https://www.nbcnews.com/nightly-news/video/dozens-of-white-house-officials-lack-proper-security-clearance-source-says-1159994947740,OK
https://www.nbcnews.com/pop-culture/lifestyle,OK
https://media1.s-nbcnews.com/j/newscms/2018_07/2325746/jjtalk_c1b3f49608baa53dd6e867f86395a5fb.nbcnews-fp-320-240.jpg,N_OK
https://www.nbcnews.com/think/opinion/grey-s-anatomy-subverts-patriarchy-every-thursday-night-viewers-are-ncna846451,OK
https://www.nbcnews.com/news/asian-america/woman-s-family-fighting-make-it-easier-organ-donors-come-n846141,OK
https://www.nbcnews.com/health/mens-health,OK
https://www.nbcnews.com/news/investigations,OK
https://www.nbcnews.com/dateline,OK
https://www.nbcnews.com/business/personal-finance,OK
https://www.nbcnews.com/feature/nbc-out/drag-performers-take-alleged-racism-gay-nightclubs-n845676,OK
https://media2.s-nbcnews.com/j/newscms/2018_06/2317476/180205-baltimore-cops-daniel-hersl-ac-408p_70dd7aaff292fd246bd7f2f37a5cacf4.nbcnews-fp-320-240.jpg,N_OK
https://www.nbcnews.com/health/health-news/ultrasounds-unlikely-cause-autism-study-finds-n847246,OK
https://www.nbcnews.com/health/diet-fitness,OK
https://www.nbcnews.com/feature/nbc-out,OK
https://www.nbcnews.com/video/barack-and-michelle-obama-have-official-portraits-unveiled-1159573571829,OK
https://twitter.com/intent/tweet?text=NBC%20News%20-%20Breaking%20News%20%26%20Top%20Stories%20-%20Latest%20World%2C%20US%20%26%20Local%20News&url=undefined&via=nbcnews,N_OK
https://www.nbcnews.com/storyline/puerto-rico-crisis/puerto-rico-s-latest-blackout-shows-island-s-fragility-five-n847311,OK
https://media1.s-nbcnews.com/j/msnbc/components/video/201802/nn_kda_purdue_oxycontin_180212_1518480778164.nbcnews-fp-320-240.jpg,N_OK
https://www.nbcnews.com/news/us-news/slain-colorado-woman-placed-craigslist-ad-hitman-kill-her-suspect-n847346,OK
https://media3.s-nbcnews.com/j/newscms/2017_46/2227941/171115-better-how-to-say-sorry-se-348p_bf7b5b2cd89cfe975f57e24259489047.nbcnews-fp-320-240.jpg,N_OK
https://www.youtube.com/watch?v=PnqDyUSq140,N_OK
https://media2.s-nbcnews.com/j/msnbc/components/video/201802/tdy_mk_home_contractor_180208_1920x1080.nbcnews-fp-320-240.jpg,N_OK
https://info.evidon.com/pub_info/1195?v=1,N_OK
https://www.nbcnews.com/tech/tech-news,OK
https://media2.s-nbcnews.com/j/newscms/2018_06/2319856/180207-coamo-mc-1554_32b9bc3909a0c5e4a585242bfbfd2f2d.nbcnews-fp-320-240.jpg,N_OK
https://www.nbcnews.com/science,OK
https://media4.s-nbcnews.com/j/newscms/2018_05/2288721/180110-marvel-black-panther-ew-655p_1c931b27fe8380c2a7b696a952e666de.nbcnews-fp-320-240.jpg,N_OK
https://nbc.com/,N_OK
https://www.nbcnews.com/feature/nbc-out/world-first-bermuda-repeals-same-sex-marriage-legislation-n845766,OK
https://www.facebook.com/sharer/sharer.php?u=undefined,N_OK
https://www.youtube.com/watch?feature=youtu.be&v=dO09aMGMizM,N_OK
https://media2.s-nbcnews.com/j/msnbc/components/video/201802/smithsonian_obama_portraits_unveiled_head_on_rem-174h__180212-d107.nbcnews-fp-320-240.jpg,N_OK
https://www.nbcnews.com/feature/missing-in-america/texas-man-chris-sanders-vanishes-while-walk-near-his-home-n847296,OK
https://nodeassets.nbcnews.com/cdnassets/projects/today-logo-site-nav.png,N_OK
https://www.nbcnews.com/storyline/puerto-rico-crisis,OK
https://www.nbcnews.com/video,OK
https://media1.s-nbcnews.com/j/newscms/2018_06/2323846/180209-rachel-brand-2017-ac-858p_b09782e333d782ab20e98c59b84793cf.nbcnews-fp-320-280.jpg,N_OK
https://media4.s-nbcnews.com/j/newscms/2018_06/2323716/180209-trump-campaign-2016-ew-650p_7a567e32c9e75c5d6d629325d282f69d.nbcnews-fp-480-320.jpg,N_OK
https://www.nbcnews.com/storyline/sexual-misconduct,OK
https://www.nbcnews.com/storyline/harvey-weinstein-scandal,OK
https://media4.s-nbcnews.com/j/newscms/2018_07/2325586/180212-facebook-se-1126a_a4df50b8b3836771b1a0f0803bbc35e8.nbcnews-fp-320-240.jpg,N_OK
https://media4.s-nbcnews.com/j/newscms/2018_07/2326221/180212-kim-jong-un-se-647p_ed2ce8beab6df3faec7a0da9fafc600b.nbcnews-fp-320-240.jpg,N_OK
https://media1.s-nbcnews.com/j/newscms/2018_06/2319636/fernando_rodriguez_headshot_3e6c8f530e752ee66d2ec11ac2d070e3.nbcnews-fp-320-240.jpg,N_OK
https://www.nbcnews.com/storyline/sexual-misconduct/what-ny-ag-must-do-prove-pervasive-sexual-harassment-weinstein-n847176,OK
https://www.nbcnews.com/nightly-news/video/how-chloe-kim-became-america-s-snowboarding-superstar-1160000067894,OK
https://www.nbcnews.com/pop-culture/tv/reg-e-cathey-house-cards-wire-actor-dies-59-n846556,OK
https://www.nbcnews.com/news/nbcblk/hunger-games-actress-intimidated-rosa-parks-role-ponders-cleopatra-next-n847201,OK
https://www.nbcnews.com/news/europe/prince-harry-meghan-markle-plan-carriage-ride-after-wedding-ceremony-n847056,OK
https://media1.s-nbcnews.com/j/newscms/2018_04/2301696/180122-harvey-weinstein-2017-ac-626p_ad0cc478c3c01ebd585d7e497e4f7ccc.nbcnews-fp-320-240.jpg,N_OK
https://nodeassets.nbcnews.com/styles/main-c6773045bf.min.css,N_OK
https://media4.s-nbcnews.com/j/newscms/2018_06/2324956/ss-180211-olympics-30_9f7e12b0addec9daa010d8fd613138c0.nbcnews-fp-320-240.jpg,N_OK
https://media1.s-nbcnews.com/j/newscms/2018_07/2325626/180212-peter-rabbit-se-1148a_bf7533343c7f7429c47e79a0be010fd7.nbcnews-fp-320-280.jpg,N_OK
https://www.nbcnews.com/mach/video/this-new-boston-dynamics-robot-can-hold-the-door-for-its-friend-1159931971720,OK
https://media2.s-nbcnews.com/j/newscms/2018_06/2320356/afy_urban_retreat_2017_0334_fe373da9a5ca0213b68ccc98d7389b34.nbcnews-fp-320-240.jpg,N_OK
https://media3.s-nbcnews.com/j/newscms/2018_07/2326321/295305-e1518484646785_87d2f41979173d66ad407212d1b9d39e.nbcnews-fp-320-240.jpg,N_OK
https://media3.s-nbcnews.com/j/newscms/2018_06/2324356/180210-comp-westerville-ohio-police-shooting-ew-605p_0301e0aa15d59df82bf9a538acc11137.nbcnews-fp-320-240.jpg,N_OK
https://media2.s-nbcnews.com/j/newscms/2018_06/2322056/180208-tremors-ac-543p_793a9626418fe3e480443f158666f28d.nbcnews-fp-480-320.jpg,N_OK
https://www.nbcnews.com/feature/nbc-out/no-promo-homo-laws-affect-millions-students-across-u-s-n845136,OK
https://www.nbcnews.com/news/us-news/beleaguered-gun-maker-remington-files-bankruptcy-n847316,OK
https://www.nbcnews.com/video/this-couple-turned-their-gourmet-by-mail-idea-into-a-growing-indian-food-business-1154099779581,OK
https://www.nbcnews.com/storyline/airplane-mode/london-city-airport-closed-after-unexploded-wwii-bomb-found-n847051,OK
https://www.nbcnews.com/politics/white-house/trump-budget-would-slash-spending-domestic-programs-entitlements-n847141,OK
http://nbcsports.com/,N_OK
https://www.nbcnews.com/tech,OK
https://www.nbcnews.com/news/latino/u-s-hispanic-chamber-commerce-hispanic-head-javier-palomarez-under-n847236,OK
http://stream.nbcolympics.com/2018-winter-olympics-primetime-show-feb-12-standard?cid=eref%3Anbcnews%3Atext,N_OK
https://www.nbcnews.com/news/asian-america,OK
https://secure.nbcnews.com/_tps/_accounts/msnbc/newsletters,N_OK
https://media4.s-nbcnews.com/j/newscms/2018_05/2312491/180131-florida-citrus-orange-grove-se-436p_b8c63683c5b00cc3f93bf3bd8a9bdc39.nbcnews-fp-320-280.jpg,N_OK
https://www.nbcnews.com/business/autos,OK
https://www.nbcnews.com/health/health-news/flu-season-breaking-records-cdc-says-n846341,OK
https://media1.s-nbcnews.com/j/newscms/2018_07/2326006/180212-jeff-sessions-se-305p_57531827cfbb54fa2a7b273eeeb4ab7c.nbcnews-fp-320-240.jpg,N_OK
https://www.nbcnews.com/news/us-news/ohio-man-charged-buying-gun-used-kill-two-officers-n847376,OK
https://media3.s-nbcnews.com/j/newscms/2018_07/2325821/ss-170212-olympic-moments-mn-08_a5354bc934986d3996c39dbce3cb66bf.nbcnews-fp-320-280.jpg,N_OK
https://media3.s-nbcnews.com/j/newscms/2017_38/2161926/190920_helen_huynh_caf126f33ca6fff039d06bed47e91f89.nbcnews-fp-320-240.jpg,N_OK
https://www.nbcnews.com/news/latino/cartoon-depicting-armed-criminals-dreamers-spurs-outrage-among-latinos-n846501,OK
https://www.nbcnews.com/leftfield,OK
http://www.nbcnews.com/tips,OK
https://media1.s-nbcnews.com/j/newscms/2018_07/2325626/180212-peter-rabbit-se-1148a_bf7533343c7f7429c47e79a0be010fd7.nbcnews-fp-320-240.jpg,N_OK
https://www.nbcnews.com/storyline/americas-heroin-epidemic/oxycontin-maker-purdue-stop-promoting-opioids-light-epidemic-n846726,OK
https://www.nbcnews.com/video/women-watch-soccer-game-in-stadium-in-riyadh-saudi-arabia-for-the-first-time-1159539779895,OK
https://www.nbcnews.com/pop-culture/movies,OK
https://www.nbcnews.com/mach/science/spacex-s-falcon-feat-may-be-just-prelude-main-event-ncna846446,OK
https://www.nbcnews.com/politics/white-house/white-house-denies-u-s-israel-discussing-settlement-annexation-n847281,OK
https://www.nbclearn.com/portal/site/learn,N_OK
http://www.msnbc.com/watch,N_OK
https://media2.s-nbcnews.com/j/msnbc/components/video/201802/smithsonian_obama_portraits_unveiled_head_on_rem-174h__180212-d107.nbcnews-fp-320-280.jpg,N_OK
https://www.nbcnews.com/nightly-news/video/more-than-4-months-after-hurricane-maria-puerto-rico-s-schools-still-suffering-1147608131880,OK
https://www.nbcnews.com/news/us-news/house-oversight-committee-demands-larry-nassar-documents-usoc-others-n846131,OK
https://www.nbcnews.com/news/asian-america/stars-u-s-figure-skating-team-find-strength-past-olympians-n843846,OK
https://www.nbcnews.com/news,OK
https://media3.s-nbcnews.com/j/newscms/2018_07/2325641/180212_rippon_wins_63915e27b85efad90bc33994477f2425.nbcnews-fp-320-280.jpg,N_OK
https://media4.s-nbcnews.com/j/newscms/2018_06/2324956/ss-180211-olympics-30_9f7e12b0addec9daa010d8fd613138c0.nbcnews-fp-480-320.jpg,N_OK
https://www.nbcnews.com/business/economy,OK
https://www.nbcnews.com/health/mental-health,OK
https://media3.s-nbcnews.com/j/newscms/2017_50/2261296/171214-bermuda-out-1000_d011502af386288c9f82340c356eb173.nbcnews-fp-320-240.jpg,N_OK
https://media4.s-nbcnews.com/j/newscms/2018_06/2319816/180207-shani-davis-mc1533_955bb9d8b768acaa882248dcadaf8cd2.nbcnews-fp-320-240.jpg,N_OK
https://www.nbcnews.com/better,OK
https://www.nbcnews.com/news/europe,OK
https://www.nbcnews.com/storyline/hurricane-irma,OK
https://www.nbcnews.com/news/latino/bot-nicas-offering-folk-remedies-spiritual-healing-attract-old-new-n845481,OK
https://media4.s-nbcnews.com/j/newscms/2018_07/2326326/180212-chloe-kim-ac-844p_fd88cf0d2fd82a5d4d38c1ed0508d3ca.nbcnews-fp-320-240.jpg,N_OK
https://www.nbcnews.com/better/relationships,OK
https://media4.s-nbcnews.com/j/newscms/2018_07/2325761/180212-donald-trump-jr-vanessa-mn-1315_3ea98e8c3898746dec5a8945a62d05d2.nbcnews-fp-320-240.jpg,N_OK
https://www.nbcnews.com/politics/politics-news/jeff-sessions-remarks-anglo-american-heritage-law-enforcement-n847286,OK
https://www.nbcnews.com/storyline/airplane-mode,OK
https://www.nbcnews.com/news/us-news/tourists-who-died-grand-canyon-helicopter-crash-were-celebrating-birthday-n847366,OK
https://www.nbcnews.com/business/travel,OK
https://media2.s-nbcnews.com/j/newscms/2018_06/2324801/180211-military-wedding-1207p-rs_09019e6293e351910605c2bb26efcb01.nbcnews-fp-320-240.jpg,N_OK
https://www.nbcnews.com/politics,OK
https://media4.s-nbcnews.com/j/newscms/2018_07/2325756/180212-javier-palomarez-sg-1310_2e816f31cef69e64b4f10949d75bc5c0.nbcnews-fp-320-280.jpg,N_OK
https://media4.s-nbcnews.com/j/newscms/2018_07/2325721/blakebortles_b5a14864d3869dd6706a585b3c3ec142.nbcnews-fp-320-240.jpg,N_OK
https://www.today.com/parents/fixer-upper-star-joanna-gaines-shares-her-pregnancy-food-cravings-t122739,N_OK
https://www.nbcnews.com/slideshow/olympic-moments-u-s-wins-its-first-gold-medal-more-n846951,OK
https://media4.s-nbcnews.com/j/newscms/2018_06/2313976/180201-kristi-yamaguchi-1992-ac-556p_132459b1a9cb1a81fb62e9ff7c84f9d9.nbcnews-fp-320-280.jpg,N_OK
https://media3.s-nbcnews.com/j/newscms/2018_07/2325821/ss-170212-olympic-moments-mn-08_a5354bc934986d3996c39dbce3cb66bf.nbcnews-fp-320-240.jpg,N_OK
https://www.nbcnews.com/news/us-news/no-charges-randall-margraves-father-who-lunged-larry-nassar-court-n847306,OK
https://media4.s-nbcnews.com/j/msnbc/components/video/201802/saudisoccer2.nbcnews-fp-320-240.jpg,N_OK
https://media4.s-nbcnews.com/j/msnbc/components/video/201802/nn_jto_dogs_cancer_180210_1920x1080.nbcnews-fp-320-240.jpg,N_OK
https://www.nbcnews.com/news/latino/oldest-latino-civil-rights-group-ensured-its-future-choosing-dump-n846426,OK
https://www.nbcnews.com/storyline/hurricane-irma/one-two-punch-disease-irma-has-left-florida-citrus-reeling-n839996,OK
https://www.nbcnews.com/feature/nbc-out/gay-athletes-make-history-winter-olympics-n847121,OK
https://www.nbcnews.com/news/latino/who-trump-s-first-latino-judicial-nominee-fernando-rodriguez-jr-n845446,OK
https://www.nbcnews.com/better/pop-culture/how-sugar-budget-helped-one-family-eat-healthier-ncna846381,OK
http://www.nbcolympics.com/news/chloe-kim-wins-snowboard-halfpipe-gold-olympic-debut/?cid=eref%3Anbcnews%3Atext,N_OK
https://media1.s-nbcnews.com/j/newscms/2018_01/2281636/170104-voting-presidential-election-njs-828a_0f6979b0192f24409021385d222f371b.nbcnews-fp-320-320.jpg,N_OK
https://www.today.com/,N_OK
https://media1.s-nbcnews.com/j/newscms/2018_06/2323201/180209-flu-2-1226p-rs_19654ea31217e90bfeadb93bdea246a5.nbcnews-fp-320-240.jpg,N_OK
https://media1.s-nbcnews.com/j/newscms/2018_05/2310516/20180130-puerto-rico-yabucoa_3221a627b2b13f007bd3ba9a2d8d905c.nbcnews-fp-320-240.jpg,N_OK
https://www.nbcnews.com/pages/search,OK
https://www.nbcnews.com/business/your-business,OK
https://www.nbcnews.com/news/latino/poll-gavin-newsom-antonio-villaraigosa-are-favorites-california-governor-n845926,OK
http://veterans.nbcnews.com/,N_OK
https://media2.s-nbcnews.com/j/newscms/2018_06/2270656/172112-hurts_so_good_bawdy_bookworms_box-thien-kim_lam_6131c9379cbf0ff01c72aae09c0e512d.nbcnews-fp-320-240.jpg,N_OK
https://www.nbcnews.com/business/velshi-ruhle,OK
https://media4.s-nbcnews.com/j/newscms/2017_20/2000821/170515-better-stock-vegetables-market-box-ew-321p_a726e2faadad6fa69e54a07053cb97f8.nbcnews-fp-320-280.jpg,N_OK
https://www.nbcnews.com/pages/contact-us,OK
https://media3.s-nbcnews.com/j/newscms/2018_06/2323686/180209-amtrak-ac-628p_a11843b568337b65b32918ee22d49a9a.nbcnews-fp-320-280.jpg,N_OK
https://www.nbcnews.com/storyline/puerto-rico-crisis/blackout-hits-northern-puerto-rico-following-fire-explosion-n847031,OK
https://www.nbcnews.com/health/cancer/genetic-similarities-between-dogs-people-are-helping-cancer-research-n841556,OK
https://media4.s-nbcnews.com/j/newscms/2018_06/2319561/180207-puerto-rico-mn-0807_fe5979451870924a892be2bcd488ff3a.nbcnews-fp-320-240.jpg,N_OK
https://media3.s-nbcnews.com/j/newscms/2018_06/2317941/lf_brazilviolenceapp_horizontal_6_02052018_614a0dc39dfd33640fefc51a67d99430.nbcnews-fp-320-280.jpg,N_OK
https://www.nbcnews.com/news/nbcblk,OK
https://www.nbcnews.com/think/opinion/donald-trump-s-plan-can-t-fix-america-s-infrastructure-ncna846496,OK
https://media4.s-nbcnews.com/j/msnbc/components/video/201802/nn_mal_chloe_kim_180212_1920x1080.nbcnews-fp-320-240.jpg,N_OK
https://media4.s-nbcnews.com/j/newscms/2018_07/2325561/lindseyvonncloseup_1ef9c394a52c9b22954af5e63d1dbe87.nbcnews-fp-320-240.jpg,N_OK
https://media3.s-nbcnews.com/j/newscms/2018_06/2266711/171219-tim-kaine-rd-154a_64694248a83e6fb61a9dabbe69f302c8.nbcnews-fp-320-240.jpg,N_OK
https://www.nbcnews.com/business/autos/drowsy-driving-eight-times-more-prevalent-government-data-suggests-says-n845866,OK
https://youtu.be/qCVnfueYA8Q,N_OK
https://media2.s-nbcnews.com/j/newscms/2018_06/2323051/ss-180209-olympics-opening-ceremony-mn-28_bb8aa1d2a259659d9b09782d660c27b4.nbcnews-fp-320-240.jpg,N_OK
https://www.nbcnews.com/mach/science/how-recycled-astronaut-poop-might-sustain-mission-mars-ncna846281,OK
https://media2.s-nbcnews.com/j/newscms/2018_06/1316987/deal-of-the-day-scarves-today-tease-180209_179bff0b2ac075c6b89d06a100293bef.nbcnews-fp-320-240.jpg,N_OK
https://media2.s-nbcnews.com/j/newscms/2018_07/2325521/loaiza_535034aaca5ec07e5d71deb54dd6d119.nbcnews-fp-320-240.jpg,N_OK
https://media4.s-nbcnews.com/j/newscms/2018_07/2326021/chris_sanders_main_art_92dce6a7811002237017b2686b2da52d.nbcnews-fp-320-320.jpg,N_OK
https://www.nbcnews.com/mach/space,OK
https://www.nbcnews.com/tech/tech-news/app-silicon-valley-gossip-wants-become-metoo-platform-n847181,OK
https://nodeassets.nbcnews.com/styles/fonts-b858ad4bb0.min.css,N_OK
https://media4.s-nbcnews.com/j/newscms/2018_06/2319816/180207-shani-davis-mc1533_955bb9d8b768acaa882248dcadaf8cd2.nbcnews-fp-320-280.jpg,N_OK
https://nodeassets.nbcnews.com/31533d28.favicon.ico,N_OK
https://www.nbcnews.com/storyline/puerto-rico-crisis/san-juan-mayor-carmen-yul-n-cruz-blasts-fema-decision-n842746,OK
https://media3.s-nbcnews.com/j/newscms/2018_06/2324336/180210-purdue-pharma-503p-rs_bfa64beddeb0d9d31772a3c7afdf4f6d.nbcnews-fp-320-280.jpg,N_OK
https://media2.s-nbcnews.com/j/newscms/2018_06/2320921/lf_ifallelsefails_horizontal_5_02072018_63eee909657d17d5eb8bb6da64f5e4da.nbcnews-fp-480-320.jpg,N_OK
https://www.nbcnews.com/mach/innovation,OK
https://www.nbcnews.com/storyline/winter-olympics-2018,OK
http://www.nbcolympics.com/video/lindsey-vonn-trying-soak-potential-last-olympics?cid=eref%3Anbcnews%3Avideo,N_OK
https://media1.s-nbcnews.com/j/msnbc/components/video/201802/n_melvin_brk_obamasportraits_180212_1920x1080.nbcnews-fp-320-240.jpg,N_OK
https://media4.s-nbcnews.com/j/newscms/2018_07/2326326/180212-chloe-kim-ac-844p_fd88cf0d2fd82a5d4d38c1ed0508d3ca.nbcnews-fp-480-320.jpg,N_OK
https://media4.s-nbcnews.com/j/newscms/2018_06/2304166/nassar_6af769d3b21e5c87edc3bdf57b5210b8.nbcnews-fp-320-240.jpg,N_OK
https://www.nbcnews.com/storyline/winter-olympics-2018/2018-winter-olympics-here-s-every-u-s-gold-medal-n847191,OK
https://www.nbcnews.com/politics/donald-trump,OK
https://media2.s-nbcnews.com/j/newscms/2018_05/2309166/180129-bruce-mcarthur-mn-1510_55a77c5023143b5eabbbd78352eb3b68.nbcnews-fp-320-240.jpg,N_OK
https://www.nbcnews.com/business,OK
https://media3.s-nbcnews.com/j/newscms/2018_05/2314821/180202-margraves-restrained-1050_6299ce126791e27dd0b94c7884cf6b68.nbcnews-fp-320-240.jpg,N_OK
https://netdna.bootstrapcdn.com/font-awesome/4.7.0/css/font-awesome.min.css,N_OK
https://media2.s-nbcnews.com/j/newscms/2018_06/2324816/180205-black-panther-se-450p_940b67970d61b707d7ac67dcfdac0970.nbcnews-fp-320-240.jpg,N_OK
https://media1.s-nbcnews.com/j/newscms/2018_06/2312536/180131-nathan-chen-ac-502p_6dc6a1db7ef365fbb8ab27d45f0df860.nbcnews-fp-320-240.jpg,N_OK
https://www.nbcnews.com/pop-culture/music,OK
https://media4.s-nbcnews.com/j/newscms/2017_17/1979296/170426-dui-checkpoint-drunk-driving-se-758p_9279b4595cf8ea0988b856539b868968.nbcnews-fp-320-240.jpg,N_OK
https://media2.s-nbcnews.com/j/newscms/2018_06/1316952/joanna-gaines-today-tease-003-180209_d43e164048075a5abce9d86055b9ffc3.nbcnews-fp-320-240.jpg,N_OK
http://profootballtalk.nbcsports.com/2018/02/12/jaguars-getting-a-uniform-makeover-too/?cid=eref%3Anbcnews%3Atext,N_OK
https://www.nbcnews.com/news/weather,OK
https://www.nbcnews.com/nightly-news/video/oxycontin-maker-purdue-stops-promoting-opioids-in-light-of-epidemic-1159994435689,OK
https://www.nbcnews.com/news/us-news,OK
https://www.nbcnews.com/pop-culture/movies/fifty-shades-freed-whips-38-8-million-top-movie-charts-n846996,OK
https://media4.s-nbcnews.com/j/newscms/2018_05/2312491/180131-florida-citrus-orange-grove-se-436p_b8c63683c5b00cc3f93bf3bd8a9bdc39.nbcnews-fp-320-240.jpg,N_OK
https://www.nbcnews.com/politics/politics-news/cash-hungry-states-betting-supreme-court-will-legalize-sports-gambling-n846676,OK
https://media2.s-nbcnews.com/j/newscms/2018_06/2324796/180211_ut_campus_fe455fb310b61c7f786b4176028b18bd.nbcnews-fp-320-240.jpg,N_OK
https://www.nbcnews.com/politics/justice-department,OK
https://www.nbcnews.com/news/latino,OK
https://media4.s-nbcnews.com/j/newscms/2018_07/2325526/180216-jocelyn-morffi-mn-1050_78c98b84014452980d9b79a29595be6a.nbcnews-fp-320-240.jpg,N_OK
https://www.nbcnews.com/politics/first-read/first-read-s-morning-clips-key-primaries-watch-2018-n847081,OK
https://www.nbcnews.com/better/money,OK
https://media1.s-nbcnews.com/j/newscms/2018_07/2325426/180212-harvey-bob-weinstein-2015-njs-942a_828d05d15cb65079d2acd57371434bb2.nbcnews-fp-320-240.jpg,N_OK
https://www.today.com/style/today-s-deal-day-55-percent-ya-living-scarves-t119316,N_OK
https://www.nbcnews.com/investigations,OK
https://media3.s-nbcnews.com/j/newscms/2018_07/2325931/ss-180212-carnival-global-25_fc4bc22971c0be19d5bc81dd35a5b01b.nbcnews-fp-320-280.jpg,N_OK
https://nbcnews.com/,N_OK
http://www.peacockproductions.tv/,N_OK
https://www.today.com/video/learn-the-secrets-that-contractors-don-t-want-you-to-know-1156689987578,N_OK
https://media2.s-nbcnews.com/j/newscms/2018_06/2321301/180208-cole-weinstein-1002_3d3e048f38f50b39ebdce2bad67013cc.nbcnews-fp-320-240.jpg,N_OK
https://media1.s-nbcnews.com/j/newscms/2018_06/2324846/180211-whiffenpoofs-yale-accapella-se-318p_4c4ad0b8d7b4e642a14fbc978d1643aa.nbcnews-fp-320-240.jpg,N_OK
https://www.nbcnews.com/storyline/harvey-weinstein-scandal/lapd-sends-three-harvey-weinstein-cases-da-n846061,OK
https://media4.s-nbcnews.com/j/newscms/2018_07/2325226/180212-puerto-rico-blackout-rd-140a_013eadceaf272945bc30e3b8c8f93f15.nbcnews-fp-320-240.jpg,N_OK
https://nbcnews.weather.com/weather/today/10113?cm_cat=ExtForecast&cm_ite=CityPage&cm_pla=WxModule&cm_ven=nbcnews&par=nbcnews&site=nbcnews.com,N_OK
https://together.nbcuni.com/,N_OK
http://msnbc.com/,N_OK
https://www.facebook.com/sharer/sharer.php?u=https%3A%2F%2Fwww.nbcnews.com%2Fmach%2Fvideo%2Flearning-to-fly-wind-tunnel-training-takes-a-ski-jumper-sarah-hendrickson-to-new-heights-1159295555859,N_OK
https://media2.s-nbcnews.com/i/MSNBC/Components/Video/201802/a_mach_olympian_sh_180211.jpg,N_OK
https://nodeassets.nbcnews.com/31533d28.favicon.ico,N_OK
https://www.nbcnews.com/video/world-s-first-passenger-drone-unveiled-in-china-1156006979696,OK
https://media3.s-nbcnews.com/j/MSNBC/Components/Video/201802/NewPlanets.focal-720x360.jpg,N_OK
https://media2.s-nbcnews.com/j/MSNBC/Components/Video/201802/a_brk_mach_prototype_180207.focal-720x360.jpg,N_OK
https://media4.s-nbcnews.com/j/MSNBC/Components/Video/201802/a_mach_prototype_spotmini_180212.focal-280x140.jpg,N_OK
https://www.nbcuniversal.com/privacy/full-privacy-policy,N_OK
http://nbcnews.com/,N_OK
https://www.nbcnews.com/mach/video/spacex-s-falcon-heavy-launch-could-revolutionize-space-travel-1154345027949,OK
https://media4.s-nbcnews.com/j/MSNBC/Components/Video/201802/a_mach_pioneering_havre.focal-280x140.jpg,N_OK
https://media4.s-nbcnews.com/j/MSNBC/Components/Video/201802/a_mach_pioneering_havre.focal-720x360.jpg,N_OK
https://twitter.com/intent/tweet?original_referer=https%3A%2F%2Fwww.nbcnews.com%2Fmach%2Fvideo%2Flearning-to-fly-wind-tunnel-training-takes-a-ski-jumper-sarah-hendrickson-to-new-heights-1159295555859&text&url=https%3A%2F%2Fwww.nbcnews.com%2Fmach%2Fvideo%2Flearning-to-fly-wind-tunnel-training-takes-a-ski-jumper-sarah-hendrickson-to-new-heights-1159295555859&via=NBCNewsMACH,N_OK
https://www.nbcnews.com/mach/video/the-largest-underwater-volcano-explosion-the-world-almost-missed-1158176835781,OK
https://twitter.com/intent/tweet?original_referer=https%3A%2F%2Fwww.nbcnews.com%2Fmach%2Fvideo%2Flearning-to-fly-wind-tunnel-training-takes-a-ski-jumper-sarah-hendrickson-to-new-heights-1159295555859&text=Learning%20to%20Fly%3A%20Wind%20tunnel%20training%20takes%20ski%20jumping%20to%20new%20heights&url=https%3A%2F%2Fwww.nbcnews.com%2Fmach%2Fvideo%2Flearning-to-fly-wind-tunnel-training-takes-a-ski-jumper-sarah-hendrickson-to-new-heights-1159295555859&via=NBCNewsMACH,N_OK
https://media2.s-nbcnews.com/j/MSNBC/Components/Video/201802/a_brk_mach_prototype_180207.focal-280x140.jpg,N_OK
https://media3.s-nbcnews.com/j/MSNBC/Components/Video/201802/NewPlanets.focal-280x140.jpg,N_OK
https://media3.s-nbcnews.com/j/MSNBC/Components/Video/201802/a_mach_space_fh_180206.focal-280x140.jpg,N_OK
https://media2.s-nbcnews.com/j/MSNBC/Components/Video/201802/a_mach_olympian_sh_180211.focal-720x360.jpg,N_OK
https://www.nbcnews.com/rassets1/icons.css?soBigTime=123,OK
https://media4.s-nbcnews.com/j/MSNBC/Components/Video/201802/a_mach_prototype_spotmini_180212.focal-720x360.jpg,N_OK
https://www.nbcnews.com/mach/video/planets-discovered-beyond-the-milky-way-for-the-first-time-ever-1154955331881,OK
http://www.nbcunicareers.com/,N_OK
https://www.nbcnews.com/rassets1/main-a4de9c291e823171bee2.css,OK
https://media2.s-nbcnews.com/j/MSNBC/Components/Video/201802/a_mach_olympian_sh_180211.focal-280x140.jpg,N_OK
https://media3.s-nbcnews.com/j/MSNBC/Components/Video/201802/a_mach_space_fh_180206.focal-720x360.jpg,N_OK
https://c.betrad.com/pub/icon1.png,N_OK
http://stream.nbcolympics.com/2018-winter-olympics-primetime-show-feb-12-standard?cid=eref%3Anbcnews%3Atext,N_OK
https://info.evidon.com/pub_info/267?v=1,N_OK
http://www.today.com/,N_OK
https://www.nbcnews.com/mach/video/this-new-boston-dynamics-robot-can-hold-the-door-for-its-friend-1159931971720?playlist=mmlsnnd_mach,OK
https://www.surveymonkey.com/s/ZRY6QHK,N_OK
http://msnbc.com/,N_OK
https://cnbc.com/,N_OK
https://nodeassets.nbcnews.com/styles/fonts-b858ad4bb0.min.css,N_OK
https://nodeassets.nbcnews.com/31533d28.favicon.ico,N_OK
https://nbcsports.com/,N_OK
https://recode.net/,N_OK
https://www.nbcsports.com/,N_OK
http://www.nbcnews.com/,OK
http://www.nbcnews.com/politics,OK
https://nodeassets.nbcnews.com/images/transparent-placeholder.gif,N_OK
https://twitter.com/intent/tweet?text=NBC%20News%20-%20Breaking%20News%20%26%20Top%20Stories%20-%20Latest%20World%2C%20US%20%26%20Local%20News&url=undefined&via=nbcnews,N_OK
http://stream.nbcolympics.com/2018-winter-olympics-primetime-show-feb-12-standard?cid=eref%3Anbcnews%3Atext,N_OK
http://www.today.com/,N_OK
https://secure.nbcnews.com/_tps/_accounts/msnbc/newsletters,N_OK
https://www.facebook.com/sharer/sharer.php?u,N_OK
https://www.nbcuniversal.com/privacy/full-privacy-policy/,N_OK
https://www.today.com/,N_OK
https://netdna.bootstrapcdn.com/font-awesome/4.7.0/css/font-awesome.min.css,N_OK
http://www.nbcnews.com/nightly-news,OK
https://info.evidon.com/pub_info/1195?v=1,N_OK
https://secure.nbcnews.com/_tps/accounts/newsletters,N_OK
http://veterans.nbcnews.com/,N_OK
https://nbc.com/,N_OK
https://www.facebook.com/sharer/sharer.php?u=undefined,N_OK
https://twitter.com/share?text=undefined&url&via=nbcnews,N_OK
http://parenttoolkit.com/,N_OK
http://www.nbcnews.com/meet-the-press,OK
https://nodeassets.nbcnews.com/cdnassets/projects/today-logo-site-nav.png,N_OK
https://www.nbclearn.com/portal/site/learn,N_OK
http://www.msnbc.com/,N_OK
https://xfinity.com/,N_OK
https://nodeassets.nbcnews.com/,N_OK
http://www.nbcnews.com/dateline,OK
https://nbcnews.com/,N_OK
http://www.peacockproductions.tv/,N_OK
https://nodeassets.nbcnews.com/styles/main-c6773045bf.min.css,N_OK
https://today.com/,N_OK
https://www.nbcnews.com/think/amp/ncna846976,OK
https://together.nbcuni.com/,N_OK
http://msnbc.com/,N_OK
https://www.racked.com/2018/1/30/16950656/skincare-science,N_OK
https://www.surgery.org/sites/default/files/ASAPS-Stats2016.pdf,N_OK
https://nodeassets.nbcnews.com/31533d28.favicon.ico,N_OK
https://twitter.com/intent/tweet?original_referer=https%3A%2F%2Fwww.nbcnews.com%2Fthink%2Fopinion%2Fpricey-anti-aging-products-cannot-reverse-time-let-s-embrace-ncna846976&text=Opinion%20%7C%20Fayne%20Frey%3A%20Why%20I%20tell%20my%20dermatology%20patients%20to%20embrace%20aging%2C%20not%20fight%20it&url=https%3A%2F%2Fwww.nbcnews.com%2Fthink%2Fopinion%2Fpricey-anti-aging-products-cannot-reverse-time-let-s-embrace-ncna846976&via=NBCNewsTHINK,N_OK
https://www.theguardian.com/lifeandstyle/2016/aug/27/botox-safe-new-research-testing-toxins-fda,N_OK
https://www.nbcuniversal.com/privacy/full-privacy-policy,N_OK
https://www.facebook.com/sharer/sharer.php?u=https%3A%2F%2Fwww.nbcnews.com%2Fthink%2Fopinion%2Fpricey-anti-aging-products-cannot-reverse-time-let-s-embrace-ncna846976,N_OK
http://nbcnews.com/,N_OK
https://media2.s-nbcnews.com/j/newscms/2018_06/2323836/180209-botox-injection-2002-ac-853p_fc616a4cb2ead259494d29f1dd1a7485.focal-320x160.jpg,N_OK
https://compass.pressekompass.net/compasses/think/are-you-afraid-of-aging-_think,N_OK
https://fryface.com/,N_OK
https://www.allure.com/story/allure-magazine-phasing-out-the-word-anti-aging,N_OK
http://www.nbcunicareers.com/,N_OK
https://www.nbcnews.com/rassets1/main-a4de9c291e823171bee2.css,OK
https://c.betrad.com/pub/icon1.png,N_OK
http://stream.nbcolympics.com/2018-winter-olympics-primetime-show-feb-12-standard?cid=eref%3Anbcnews%3Atext,N_OK
https://info.evidon.com/pub_info/267?v=1,N_OK
http://www.today.com/,N_OK
https://www.usatoday.com/story/news/nation-now/2017/04/12/americans-spending-more-than-ever-plastic-surgery/100365258/,N_OK
https://www.allure.com/story/average-woman-spends-on-makeup,N_OK
https://theoutline.com/post/3151/the-skincare-con-glossier-drunk-elephant-biologique-recherche-p50?zd=1&zi=3jbuz62x,N_OK
https://www.surveymonkey.com/s/ZRY6QHK,N_OK
https://www.newsvine.com/_api/discuss?cid&h=Puerto%20Ricans%20fix%20their%20town%27s%20power%20grid%20with%20their%20bare%20hands&t=news&u=https%3A%2F%2Fwww.nbcnews.com%2Fstoryline%2Fpuerto-rico-crisis%2Fpuerto-ricans-fix-their-town-s-power-grid-their-bare-n845421,N_OK
http://msnbc.com/,N_OK
https://cnbc.com/,N_OK
https://nodeassets.nbcnews.com/styles/fonts-b858ad4bb0.min.css,N_OK
https://media4.s-nbcnews.com/j/newscms/2018_06/2319901/ap_18038081165550_471944495f8684aa74634b02ea0be237.nbcnews-ux-1024-900.jpg,N_OK
https://nodeassets.nbcnews.com/31533d28.favicon.ico,N_OK
https://nbcsports.com/,N_OK
https://media1.s-nbcnews.com/j/newscms/2018_06/2319906/ap_18038081163971_1d0fb23183835ec58e12ec550d6182ab.nbcnews-fp-360-360.jpg,N_OK
https://media4.s-nbcnews.com/j/newscms/2018_06/2319901/ap_18038081165550_471944495f8684aa74634b02ea0be237.nbcnews-ux-2880-1000.jpg,N_OK
https://recode.net/,N_OK
https://media1.s-nbcnews.com/j/newscms/2018_06/2319906/ap_18038081163971_1d0fb23183835ec58e12ec550d6182ab.nbcnews-ux-2880-1000.jpg,N_OK
https://www.nbcsports.com/,N_OK
https://twitter.com/intent/tweet?text=Puerto%20Ricans%20fix%20their%20town%27s%20power%20grid%20with%20their%20bare%20hands&url=https%3A%2F%2Fwww.nbcnews.com%2Fstoryline%2Fpuerto-rico-crisis%2Fpuerto-ricans-fix-their-town-s-power-grid-their-bare-n845421&via=nbcnews,N_OK
https://nodeassets.nbcnews.com/images/transparent-placeholder.gif,N_OK
http://stream.nbcolympics.com/2018-winter-olympics-primetime-show-feb-12-standard?cid=eref%3Anbcnews%3Atext,N_OK
https://www.nbcnews.com/storyline,OK
https://secure.nbcnews.com/_tps/_accounts/msnbc/newsletters,N_OK
https://media1.s-nbcnews.com/j/newscms/2018_06/2319906/ap_18038081163971_1d0fb23183835ec58e12ec550d6182ab.nbcnews-ux-1024-900.jpg,N_OK
https://www.nbcuniversal.com/privacy/full-privacy-policy/,N_OK
https://www.today.com/,N_OK
https://netdna.bootstrapcdn.com/font-awesome/4.7.0/css/font-awesome.min.css,N_OK
https://info.evidon.com/pub_info/1195?v=1,N_OK
https://www.nbcnews.com/storyline/puerto-rico-crisis/amp/puerto-ricans-fix-their-town-s-power-grid-their-bare-n845421,OK
https://www.nbcnews.com/news/latino/puerto-ricans-still-struggling-month-after-hurricane-maria-hit-n811976,OK
https://secure.nbcnews.com/_tps/accounts/newsletters,N_OK
http://veterans.nbcnews.com/,N_OK
https://www.nbcnews.com/news/latino/puerto-rico-privatize-its-public-electric-power-company-n840051,OK
https://nbc.com/,N_OK
https://media4.s-nbcnews.com/j/newscms/2018_06/2319901/ap_18038081165550_471944495f8684aa74634b02ea0be237.nbcnews-fp-360-360.jpg,N_OK
https://instagram.com/nbclatino/,N_OK
https://www.facebook.com/sharer/sharer.php?u=https%3A%2F%2Fwww.nbcnews.com%2Fstoryline%2Fpuerto-rico-crisis%2Fpuerto-ricans-fix-their-town-s-power-grid-their-bare-n845421,N_OK
http://parenttoolkit.com/,N_OK
https://nodeassets.nbcnews.com/cdnassets/projects/today-logo-site-nav.png,N_OK
https://www.nbclearn.com/portal/site/learn,N_OK
http://www.msnbc.com/,N_OK
https://www.facebook.com/NBCLatino,N_OK
https://xfinity.com/,N_OK
https://nodeassets.nbcnews.com/,N_OK
https://twitter.com/NBCLatino,N_OK
https://twitter.com/share?text=Puerto%20Ricans%20fix%20their%20town%27s%20power%20grid%20with%20their%20bare%20hands&url=https%3A%2F%2Fwww.nbcnews.com%2Fstoryline%2Fpuerto-rico-crisis%2Fpuerto-ricans-fix-their-town-s-power-grid-their-bare-n845421&via=nbcnews,N_OK
https://nbcnews.com/,N_OK
http://www.peacockproductions.tv/,N_OK
https://nodeassets.nbcnews.com/styles/main-c6773045bf.min.css,N_OK
https://today.com/,N_OK
https://together.nbcuni.com/,N_OK
http://msnbc.com/,N_OK
https://media4.s-nbcnews.com/j/newscms/2018_06/2309421/180129_autism_month_0_61dc5ca353362df8179ebf8dc5001dd6.focal-320x160.jpg,N_OK
https://hypebeast.com/2017/12/ting-meister-history-of-hmong-air-jordan-1,N_OK
http://www.instagram.com/nbcasianamerica,N_OK
https://nodeassets.nbcnews.com/31533d28.favicon.ico,N_OK
http://www.nicekicks.com/tag/ting-meister/,N_OK
https://media3.s-nbcnews.com/j/newscms/2018_05/2309361/180129_gucci_gucci_12062c5eeba0ffa4aaf1fd7e24815ace.fit-324w.jpg,N_OK
http://www.facebook.com/nbcasianamerica,N_OK
https://www.nbcuniversal.com/privacy/full-privacy-policy,N_OK
http://nbcnews.com/,N_OK
https://www.nbcnews.com/news/amp/ncna842366,OK
https://instagram.com/p/BdDw3SynZe9/embed/,N_OK
https://media4.s-nbcnews.com/j/newscms/2018_05/2310576/180130_ting_meister_c2e9e6d9395e8698991a1c03dd7f86fe.fit-324w.jpg,N_OK
https://www.cia.gov/library/center-for-the-study-of-intelligence/csi-publications/csi-studies/studies/winter99-00/art7.html,N_OK
https://twitter.com/intent/tweet?original_referer=https%3A%2F%2Fwww.nbcnews.com%2Fnews%2Fasian-america%2Fhow-architect-ting-meister-uses-sneakers-bridge-cultures-n842366&text=How%20architect%20%27Ting%20Meister%27%20uses%20sneakers%20to%20bridge%20cultures&url=https%3A%2F%2Fwww.nbcnews.com%2Fnews%2Fasian-america%2Fhow-architect-ting-meister-uses-sneakers-bridge-cultures-n842366&via=nbcnews,N_OK
http://nbcasianamerica.tumblr.com/,N_OK
https://media4.s-nbcnews.com/j/newscms/2018_07/2325586/180212-facebook-se-1126a_a4df50b8b3836771b1a0f0803bbc35e8.focal-760x380.JPG,N_OK
http://www.nbcunicareers.com/,N_OK
https://www.nbcnews.com/rassets1/main-a4de9c291e823171bee2.css,OK
https://media4.s-nbcnews.com/j/newscms/2018_05/2309326/180129_khaki_calf_6c73e4ab252d06198ce5d3c021e0fc9f.fit-324w.jpg,N_OK
https://www.facebook.com/sharer/sharer.php?u=https%3A%2F%2Fwww.nbcnews.com%2Fnews%2Fasian-america%2Fhow-architect-ting-meister-uses-sneakers-bridge-cultures-n842366,N_OK
https://c.betrad.com/pub/icon1.png,N_OK
http://stream.nbcolympics.com/2018-winter-olympics-primetime-show-feb-12-standard?cid=eref%3Anbcnews%3Atext,N_OK
https://media2.s-nbcnews.com/j/newscms/2018_06/2323051/ss-180209-olympics-opening-ceremony-mn-28_bb8aa1d2a259659d9b09782d660c27b4.focal-760x380.jpg,N_OK
https://info.evidon.com/pub_info/267?v=1,N_OK
http://www.twitter.com/nbcasianamerica,N_OK
http://www.today.com/,N_OK
https://hypebeast.com/2017/4/ting-meister-air-jordan-3-khaki-denim,N_OK
https://www.surveymonkey.com/s/ZRY6QHK,N_OK
http://msnbc.com/,N_OK
https://cnbc.com/,N_OK
https://nodeassets.nbcnews.com/styles/fonts-b858ad4bb0.min.css,N_OK
https://twitter.com/share?text=Toronto%20police%20say%20remains%20of%206%20victims%20found%20in%20serial%20killer%20investigation&url=https%3A%2F%2Fwww.nbcnews.com%2Fnews%2Fworld%2Ftoronto-police-say-remains-6-victims-found-serial-killer-investigation-n846051&via=nbcnews,N_OK
https://nodeassets.nbcnews.com/31533d28.favicon.ico,N_OK
https://nbcsports.com/,N_OK
https://twitter.com/intent/tweet?text=Toronto%20police%20say%20remains%20of%206%20victims%20found%20in%20serial%20killer%20investigation&url=https%3A%2F%2Fwww.nbcnews.com%2Fnews%2Fworld%2Ftoronto-police-say-remains-6-victims-found-serial-killer-investigation-n846051&via=nbcnews,N_OK
https://recode.net/,N_OK
https://www.nbcsports.com/,N_OK
https://www.nbcnews.com/feature/nbc-out/toronto-serial-killer-man-arrested-gay-village-murders-n839101,OK
https://media2.s-nbcnews.com/j/newscms/2018_05/2309166/180129-bruce-mcarthur-mn-1510_55a77c5023143b5eabbbd78352eb3b68.nbcnews-ux-1024-900.jpg,N_OK
https://nodeassets.nbcnews.com/images/transparent-placeholder.gif,N_OK
https://media2.s-nbcnews.com/j/newscms/2018_05/2309166/180129-bruce-mcarthur-mn-1510_55a77c5023143b5eabbbd78352eb3b68.nbcnews-fp-360-360.jpg,N_OK
https://media1.s-nbcnews.com/j/newscms/2018_05/2309116/180129-toronto-killings-mn-1320_3ad8c12eca2ef03c05d6284371b0fc3f.nbcnews-ux-2880-1000.jpg,N_OK
http://stream.nbcolympics.com/2018-winter-olympics-primetime-show-feb-12-standard?cid=eref%3Anbcnews%3Atext,N_OK
https://secure.nbcnews.com/_tps/_accounts/msnbc/newsletters,N_OK
https://www.nbcuniversal.com/privacy/full-privacy-policy/,N_OK
https://www.today.com/,N_OK
https://netdna.bootstrapcdn.com/font-awesome/4.7.0/css/font-awesome.min.css,N_OK
https://info.evidon.com/pub_info/1195?v=1,N_OK
https://www.newsvine.com/_api/discuss?cid&h=Toronto%20police%20say%20remains%20of%206%20victims%20found%20in%20serial%20killer%20investigation&t=news&u=https%3A%2F%2Fwww.nbcnews.com%2Fnews%2Fworld%2Ftoronto-police-say-remains-6-victims-found-serial-killer-investigation-n846051,N_OK
https://secure.nbcnews.com/_tps/accounts/newsletters,N_OK
http://veterans.nbcnews.com/,N_OK
https://nbc.com/,N_OK
http://parenttoolkit.com/,N_OK
https://www.nbcnews.com/news/world/amp/toronto-police-say-remains-6-victims-found-serial-killer-investigation-n846051,OK
https://nodeassets.nbcnews.com/cdnassets/projects/today-logo-site-nav.png,N_OK
https://www.nbclearn.com/portal/site/learn,N_OK
https://www.nbcnews.com/news/crime-courts,OK
http://www.msnbc.com/,N_OK
https://xfinity.com/,N_OK
https://nodeassets.nbcnews.com/,N_OK
https://media1.s-nbcnews.com/j/newscms/2018_05/2309116/180129-toronto-killings-mn-1320_3ad8c12eca2ef03c05d6284371b0fc3f.nbcnews-ux-1024-900.jpg,N_OK
https://www.nbcnews.com/news/world/alleged-toronto-serial-killer-bruce-mcarthur-facing-three-new-murder-n842156,OK
https://media2.s-nbcnews.com/j/newscms/2018_05/2309166/180129-bruce-mcarthur-mn-1510_55a77c5023143b5eabbbd78352eb3b68.nbcnews-ux-2880-1000.jpg,N_OK
https://nbcnews.com/,N_OK
http://www.peacockproductions.tv/,N_OK
https://media1.s-nbcnews.com/j/newscms/2018_05/2309116/180129-toronto-killings-mn-1320_3ad8c12eca2ef03c05d6284371b0fc3f.nbcnews-fp-360-360.jpg,N_OK
https://www.facebook.com/sharer/sharer.php?u=https%3A%2F%2Fwww.nbcnews.com%2Fnews%2Fworld%2Ftoronto-police-say-remains-6-victims-found-serial-killer-investigation-n846051,N_OK
https://nodeassets.nbcnews.com/styles/main-c6773045bf.min.css,N_OK
https://today.com/,N_OK
https://together.nbcuni.com/,N_OK
http://msnbc.com/,N_OK
https://media2.s-nbcnews.com/j/newscms/2018_06/2324346/180210-valentines-day-514p-rs_723ed19ede7dd73d46b3005753c995be.focal-320x160.jpg,N_OK
https://www.nbcnews.com/pop-culture/tv/crown-was-princess-margaret-s-life-really-full-scandal-n838126,OK
https://nodeassets.nbcnews.com/31533d28.favicon.ico,N_OK
https://www.nbcnews.com/better/relationships/how-be-better-dater-follow-four-step-plan-n734321,OK
https://justforall.com/,N_OK
http://lancecorralez.com/blog/,N_OK
https://www.nbcuniversal.com/privacy/full-privacy-policy,N_OK
http://nbcnews.com/,N_OK
https://www.facebook.com/sharer/sharer.php?u=https%3A%2F%2Fwww.nbcnews.com%2Fbetter%2Fpop-culture%2Fchef-s-recommendation-valentine-s-day-stay-home-ncna845536,N_OK
http://www.hipchickfarms.com/,N_OK
http://www.hipchickfarms.com/the-kitchen-restaurant/,N_OK
https://secure.nbcnews.com/optin/better/newsletter,N_OK
https://www.nbcnews.com/better/health/14-gifts-will-strengthen-your-relationship-ncna830771,OK
http://www.nbcunicareers.com/,N_OK
https://www.nbcnews.com/rassets1/main-a4de9c291e823171bee2.css,OK
https://c.betrad.com/pub/icon1.png,N_OK
http://stream.nbcolympics.com/2018-winter-olympics-primetime-show-feb-12-standard?cid=eref%3Anbcnews%3Atext,N_OK
https://info.evidon.com/pub_info/267?v=1,N_OK
https://www.nbcnews.com/better/amp/ncna845536,OK
https://twitter.com/intent/tweet?original_referer=https%3A%2F%2Fwww.nbcnews.com%2Fbetter%2Fpop-culture%2Fchef-s-recommendation-valentine-s-day-stay-home-ncna845536&text=A%20chef%27s%20recommendation%20for%20Valentine%E2%80%99s%20Day%3A%20%27Stay%20home%27&url=https%3A%2F%2Fwww.nbcnews.com%2Fbetter%2Fpop-culture%2Fchef-s-recommendation-valentine-s-day-stay-home-ncna845536&via=NBCNewsBETTER,N_OK
https://twitter.com/NBCNewsBETTER,N_OK
https://www.instagram.com/nbcnewsbetter/,N_OK
http://www.today.com/,N_OK
https://www.nbcnews.com/better/pop-culture/how-give-valentine-s-day-gift-says-i-love-you-ncna845921,OK
https://www.facebook.com/NBCNewsBetter/,N_OK
https://www.nbcnews.com/better/health/how-one-couple-saved-their-marriage-asking-each-other-simple-ncna833266,OK
http://msnbc.com/,N_OK
https://media3.s-nbcnews.com/j/newscms/2018_06/2319436/180206-trump-tank-mc-958_214692757a5d9b99a9feee6160363b08.nbcnews-fp-360-360.jpg,N_OK
https://www.nbcnews.com/news/world/amp/trump-macron-white-knuckle-handshake-red-carpet-embrace-n845896,OK
https://www.nbcnews.com/news/world/queen-put-very-difficult-position-trump-state-visit-n714571,OK
https://nbcsports.com/,N_OK
https://www.youtube.com/watch?index=13&list=UUlEDJq5JqDRGo8u8_lYO4gw&v=BTrdENBesXM,N_OK
http://www.nbcnews.com/storyline/brexit-referendum,OK
https://recode.net/,N_OK
http://www.gala.fr/l_actu/news_de_stars/emmanuel_macron_a_revise_sa_poignee_de_main_avec_donald_trump_396117,N_OK
https://www.nbcsports.com/,N_OK
https://www.nbcnews.com/storyline/trump-s-first-foreign-trip/donald-trump-nato-why-his-silence-article-5-big-deal-n765011,OK
https://media3.s-nbcnews.com/j/newscms/2018_06/2319436/180206-trump-tank-mc-958_214692757a5d9b99a9feee6160363b08.nbcnews-ux-2880-1000.jpg,N_OK
https://www.today.com/,N_OK
https://info.evidon.com/pub_info/1195?v=1,N_OK
https://media3.s-nbcnews.com/j/newscms/2018_06/2322546/180209-trump-macron-handshake_02e8bd48b75f709a8c325ce69c3e9528.nbcnews-ux-1024-900.jpg,N_OK
http://veterans.nbcnews.com/,N_OK
https://nbc.com/,N_OK
https://www.facebook.com/sharer.php?t=Awkward%20Moments%20From%20Trump%27s%20First%20NATO%20Summit&u=https%3A%2F%2Fwww.nbcnews.com%2Fvideo%2Fawkward-moments-from-trump-s-first-nato-summit-953550403887,N_OK
https://www.nbcnews.com/politics/donald-trump/trump-davos-america-first-does-not-mean-america-alone-n841306,OK
https://www.nbcnews.com/politics/white-house/trump-pulls-u-s-out-paris-climate-agreement-n767066,OK
http://parenttoolkit.com/,N_OK
https://nodeassets.nbcnews.com/cdnassets/projects/today-logo-site-nav.png,N_OK
https://www.nbcnews.com/politics/white-house/trump-dines-china-leader-we-have-developed-friendship-n743626,OK
http://www.msnbc.com/,N_OK
https://nodeassets.nbcnews.com/,N_OK
http://www.nbcnews.com/news/world/how-fall-berlin-wall-paved-way-germany-s-populists-n840921,OK
https://media3.s-nbcnews.com/j/newscms/2018_06/2319436/180206-trump-tank-mc-958_214692757a5d9b99a9feee6160363b08.nbcnews-ux-1024-900.jpg,N_OK
https://media2.s-nbcnews.com/j/msnbc/components/video/201707/lon-bast_170714.nbcnews-ux-1080-600.jpg,N_OK
https://twitter.com/share?text=Budding%20bromance%3F%20Trump%20embraces%20French%20%27golden%20boy%27%20Macron&url=https%3A%2F%2Fwww.nbcnews.com%2Fnews%2Fworld%2Ftrump-macron-white-knuckle-handshake-red-carpet-embrace-n845896&via=nbcnews,N_OK
http://www.gmfus.org/,N_OK
https://nodeassets.nbcnews.com/styles/main-c6773045bf.min.css,N_OK
https://media3.s-nbcnews.com/j/newscms/2018_06/2322546/180209-trump-macron-handshake_02e8bd48b75f709a8c325ce69c3e9528.nbcnews-fp-360-360.jpg,N_OK
https://www.nbcnews.com/news/world/trump-paris-france-celebrates-bastille-day-american-twist-n782836,OK
https://www.nbcnews.com/storyline/london-bridge-attack/london-mayor-sadiq-khan-says-trump-s-u-k-visit-n768646,OK
https://www.surveymonkey.com/s/ZRY6QHK,N_OK
https://media1.s-nbcnews.com/j/msnbc/components/video/201705/f_trumpmashup2_170525.nbcnews-ux-1080-600.jpg,N_OK
https://www.nbcnews.com/widget/video-embed/953550403887,OK
https://cnbc.com/,N_OK
https://twitter.com/share?text=FROM%20JULY%2014%3A%20Trump%20Is%20Guest%20of%20Honor%20as%20Bastille%20Day%20Parade%20Makes%20Special%20Tribute%20to%20U.S.%20Military&url=https%3A%2F%2Fwww.nbcnews.com%2Fvideo%2Fdonald-trump-joined-emmanuel-macron-at-the-bastille-day-parade-in-paris-997475395649&via=nbcnews,N_OK
https://nodeassets.nbcnews.com/styles/fonts-b858ad4bb0.min.css,N_OK
https://nodeassets.nbcnews.com/31533d28.favicon.ico,N_OK
https://www.nbcnews.com/news/world/marine-le-pen-far-right-scion-who-could-become-first-n751786,OK
https://www.nytimes.com/2017/07/19/us/politics/trump-interview-transcript.html,N_OK
https://twitter.com/intent/tweet?text=Trump%20and%20Macron%3A%20From%20white-knuckle%20handshake%20to%20red-carpet%20embrace&url=https%3A%2F%2Fwww.nbcnews.com%2Fnews%2Fworld%2Ftrump-macron-white-knuckle-handshake-red-carpet-embrace-n845896&via=nbcnews,N_OK
https://www.facebook.com/sharer.php?t=FROM%20JULY%2014%3A%20Trump%20Is%20Guest%20of%20Honor%20as%20Bastille%20Day%20Parade%20Makes%20Special%20Tribute%20to%20U.S.%20Military&u=https%3A%2F%2Fwww.nbcnews.com%2Fvideo%2Fdonald-trump-joined-emmanuel-macron-at-the-bastille-day-parade-in-paris-997475395649,N_OK
https://nodeassets.nbcnews.com/images/transparent-placeholder.gif,N_OK
http://stream.nbcolympics.com/2018-winter-olympics-primetime-show-feb-12-standard?cid=eref%3Anbcnews%3Atext,N_OK
https://www.facebook.com/sharer/sharer.php?u=https%3A%2F%2Fwww.nbcnews.com%2Fnews%2Fworld%2Ftrump-macron-white-knuckle-handshake-red-carpet-embrace-n845896,N_OK
https://secure.nbcnews.com/_tps/_accounts/msnbc/newsletters,N_OK
https://www.nbcuniversal.com/privacy/full-privacy-policy/,N_OK
https://netdna.bootstrapcdn.com/font-awesome/4.7.0/css/font-awesome.min.css,N_OK
https://www.nbcnews.com/news/world/macron-says-trump-handshake-was-moment-truth-n765586,OK
https://secure.nbcnews.com/_tps/accounts/newsletters,N_OK
https://www.newsvine.com/_api/discuss?cid&h=Trump%20and%20Macron%3A%20From%20white-knuckle%20handshake%20to%20red-carpet%20embrace&t=news&u=https%3A%2F%2Fwww.nbcnews.com%2Fnews%2Fworld%2Ftrump-macron-white-knuckle-handshake-red-carpet-embrace-n845896,N_OK
http://www.lefigaro.fr/international/2017/11/02/01003-20171102ARTFIG00372-sondage-neuf-francais-sur-dix-ont-une-opinion-negative-de-donald-trump.php,N_OK
https://twitter.com/share?text=Awkward%20Moments%20From%20Trump%27s%20First%20NATO%20Summit&url=https%3A%2F%2Fwww.nbcnews.com%2Fvideo%2Fawkward-moments-from-trump-s-first-nato-summit-953550403887&via=nbcnews,N_OK
https://www.nbclearn.com/portal/site/learn,N_OK
https://xfinity.com/,N_OK
https://www.politico.eu/article/macron-trump-handshake-putin-7-macho-moments/,N_OK
http://www.bbc.co.uk/news/av/world-europe-42768466/president-macron-on-trump-brexit-and-frexit,N_OK
https://nbcnews.com/,N_OK
http://www.peacockproductions.tv/,N_OK
https://www.nbcnews.com/news/world/uk-rejects-petition-calling-trump-state-visit-be-cancelled-n720556,OK
https://media3.s-nbcnews.com/j/newscms/2018_06/2322546/180209-trump-macron-handshake_02e8bd48b75f709a8c325ce69c3e9528.nbcnews-ux-2880-1000.jpg,N_OK
https://www.nbcnews.com/widget/video-embed/997475395649,OK
https://www.nbcnews.com/news/us-news/japanese-pm-s-golf-trip-trump-resort-raises-ethics-questions-n718881,OK
https://today.com/,N_OK
https://media4.s-nbcnews.com/j/MSNBC/Components/Video/201802/b_inv_PropertyBrothers_170212.focal-760x380.jpg,N_OK
https://together.nbcuni.com/,N_OK
http://msnbc.com/,N_OK
https://nodeassets.nbcnews.com/31533d28.favicon.ico,N_OK
https://media1.s-nbcnews.com/j/newscms/2018_07/2325626/180212-peter-rabbit-se-1148a_bf7533343c7f7429c47e79a0be010fd7.fit-324w.jpg,N_OK
https://twitter.com/intent/tweet?original_referer=https%3A%2F%2Fwww.nbcnews.com%2Fpop-culture%2Fmovies%2Fsony-apologizes-peter-rabbit-movie-makes-parents-hopping-mad-n847206&text=Sony%20apologizes%20as%20%27Peter%20Rabbit%27%20movie%20makes%20parents%20hopping%20mad&url=https%3A%2F%2Fwww.nbcnews.com%2Fpop-culture%2Fmovies%2Fsony-apologizes-peter-rabbit-movie-makes-parents-hopping-mad-n847206&via=nbcnews,N_OK
https://www.nbcuniversal.com/privacy/full-privacy-policy,N_OK
https://www.facebook.com/kidswithfoodallergies/posts/10156713093435961:0,N_OK
http://nbcnews.com/,N_OK
https://community.kidswithfoodallergies.org/blog/letter-to-the-makers-of-the-peter-rabbit-movie-jokes-about-food-allergies-can-put-people-in-danger,N_OK
https://media2.s-nbcnews.com/j/newscms/2018_06/2324346/180210-valentines-day-514p-rs_723ed19ede7dd73d46b3005753c995be.focal-760x380.jpg,N_OK
https://www.facebook.com/sharer/sharer.php?u=https%3A%2F%2Fwww.nbcnews.com%2Fpop-culture%2Fmovies%2Fsony-apologizes-peter-rabbit-movie-makes-parents-hopping-mad-n847206,N_OK
http://www.nbcunicareers.com/,N_OK
https://www.nbcnews.com/rassets1/main-a4de9c291e823171bee2.css,OK
https://c.betrad.com/pub/icon1.png,N_OK
http://stream.nbcolympics.com/2018-winter-olympics-primetime-show-feb-12-standard?cid=eref%3Anbcnews%3Atext,N_OK
https://info.evidon.com/pub_info/267?v=1,N_OK
http://www.today.com/,N_OK
https://www.globalaai.org/,N_OK
https://media3.s-nbcnews.com/j/newscms/2018_07/2325896/180212-meta-golding-rosa-parks-se-148p_aed2253706067cb86e6682ef952c09fd.focal-760x380.jpg,N_OK
https://www.nbcnews.com/news/amp/ncna847206,OK
https://www.change.org/p/sony-pictures-sony-pictures-apologise-for-depicting-food-allergy-bullying-in-peter-rabbit-movie,N_OK
